{
  "resolution": "main",
  "tree": {
    "src": "https://raw.githubusercontent.com/asvetliakov/typings-sinon-chai/682cac889ed0c16e51a02cafea42c471fbdd956c/typings.json",
    "raw": "registry:npm/sinon-chai#2.8.0+20160310030142",
    "main": "index",
    "dependencies": {
      "chai": {
        "src": "https://raw.githubusercontent.com/typed-typings/npm-chai/e8db615cea6be222a9547bead73ec66b82691108/typings.json",
        "raw": "registry:npm/chai#3.4.0+20160308201903",
        "main": "index.d.ts",
        "dependencies": {
          "assertion-error": {
            "src": "https://raw.githubusercontent.com/typed-typings/npm-assertion-error/105841317bd2bdd5d110bfb763e49e482a77230d/typings.json",
            "raw": "github:typed-typings/npm-assertion-error#105841317bd2bdd5d110bfb763e49e482a77230d",
            "main": "main.d.ts",
            "name": "assertion-error"
          }
        },
        "name": "chai"
      },
      "sinon": {
        "src": "https://raw.githubusercontent.com/typed-typings/npm-sinon/661f2077a206b669bcb5d2a568cc2e3c85818aec/typings.json",
        "raw": "registry:npm/sinon#1.16.0+20160309002336",
        "main": "lib/sinon.d.ts",
        "name": "sinon"
      }
    },
    "name": "sinon-chai"
  }
}
